[
  {
    "value": "facts",
    "synonyms": [
      "facts",
      "speciality",
      "greatness",
      "glory",
      "strong point",
      "eminence"
    ]
  },
  {
    "value": "then",
    "synonyms": [
      "then"
    ]
  },
  {
    "value": "about",
    "synonyms": [
      "about"
    ]
  },
  {
    "value": "another fact",
    "synonyms": [
      "another fact"
    ]
  },
  {
    "value": "more facts",
    "synonyms": [
      "more facts"
    ]
  },
  {
    "value": "one more fact",
    "synonyms": [
      "one more fact"
    ]
  }
]