[
  {
    "id": "c510409c-f231-4bac-8d69-6d855b3b6a0f",
    "data": [
      {
        "text": "unit ",
        "userDefined": false
      },
      {
        "text": "1",
        "alias": "first",
        "meta": "@first",
        "userDefined": false
      }
    ],
    "isTemplate": false,
    "count": 1,
    "updated": 1515087735
  },
  {
    "id": "aa598be9-17b1-4f0e-bf31-2f2cca4fec9a",
    "data": [
      {
        "text": "one",
        "alias": "first",
        "meta": "@first",
        "userDefined": false
      }
    ],
    "isTemplate": false,
    "count": 0,
    "updated": 1515087735
  },
  {
    "id": "e4d78790-2dec-4063-b694-2c842e087413",
    "data": [
      {
        "text": "first",
        "alias": "first",
        "meta": "@first",
        "userDefined": false
      }
    ],
    "isTemplate": false,
    "count": 0,
    "updated": 1515087735
  },
  {
    "id": "6c2c008e-f6ce-4fe1-9ea7-1c3bc0da4eb5",
    "data": [
      {
        "text": "unit ",
        "userDefined": false
      },
      {
        "text": "one",
        "alias": "first",
        "meta": "@first",
        "userDefined": false
      }
    ],
    "isTemplate": false,
    "count": 0,
    "updated": 1515087735
  },
  {
    "id": "1d249352-4b9b-4edd-87ab-5c31c9fdb620",
    "data": [
      {
        "text": "first",
        "alias": "first",
        "meta": "@first",
        "userDefined": false
      },
      {
        "text": " unit",
        "userDefined": false
      }
    ],
    "isTemplate": false,
    "count": 0,
    "updated": 1515087735
  }
]