[
  {
    "id": "6d75d3b1-bb3b-4ad7-a5c1-9d4b4362f0d9",
    "data": [
      {
        "text": "fourth",
        "alias": "fourth",
        "meta": "@fourth",
        "userDefined": false
      }
    ],
    "isTemplate": false,
    "count": 0,
    "updated": 1515088266
  },
  {
    "id": "9ffc8ee9-30c1-4b24-99b6-440b1eeb2121",
    "data": [
      {
        "text": "four",
        "alias": "fourth",
        "meta": "@fourth",
        "userDefined": false
      }
    ],
    "isTemplate": false,
    "count": 0,
    "updated": 1515088266
  },
  {
    "id": "771ee918-5a66-435d-ad4f-82549c532792",
    "data": [
      {
        "text": "unit ",
        "userDefined": false
      },
      {
        "text": "four",
        "alias": "fourth",
        "meta": "@fourth",
        "userDefined": false
      }
    ],
    "isTemplate": false,
    "count": 0,
    "updated": 1515088266
  },
  {
    "id": "63f1c262-c066-4757-86c1-896ba3b5d538",
    "data": [
      {
        "text": "fourth",
        "alias": "fourth",
        "meta": "@fourth",
        "userDefined": false
      },
      {
        "text": " unit",
        "userDefined": false
      }
    ],
    "isTemplate": false,
    "count": 0,
    "updated": 1515088266
  },
  {
    "id": "3da6d539-0430-4b69-aba6-fdba0c3eee0b",
    "data": [
      {
        "text": "unit ",
        "userDefined": false
      },
      {
        "text": "4",
        "alias": "fourth",
        "meta": "@fourth",
        "userDefined": false
      }
    ],
    "isTemplate": false,
    "count": 0,
    "updated": 1515088266
  }
]