[
  {
    "id": "bbf00b21-0efc-4dc0-b6a9-e592b0528d41",
    "data": [
      {
        "text": "third",
        "alias": "third",
        "meta": "@third",
        "userDefined": false
      },
      {
        "text": " unit",
        "userDefined": false
      }
    ],
    "isTemplate": false,
    "count": 0,
    "updated": 1515088112
  },
  {
    "id": "9abd117f-210a-4894-8d1a-3600208f4c05",
    "data": [
      {
        "text": "three",
        "alias": "third",
        "meta": "@third",
        "userDefined": false
      }
    ],
    "isTemplate": false,
    "count": 0,
    "updated": 1515088112
  },
  {
    "id": "18c1d54c-71b3-4c5b-b837-4fca617824d0",
    "data": [
      {
        "text": "unit ",
        "userDefined": false
      },
      {
        "text": "3",
        "alias": "third",
        "meta": "@third",
        "userDefined": false
      }
    ],
    "isTemplate": false,
    "count": 0,
    "updated": 1515088112
  },
  {
    "id": "1459fcfc-47cf-41a7-a73c-0adcb40df655",
    "data": [
      {
        "text": "3",
        "alias": "third",
        "meta": "@third",
        "userDefined": false
      }
    ],
    "isTemplate": false,
    "count": 0,
    "updated": 1515088112
  },
  {
    "id": "a16c67a5-1d04-4c16-b0fb-c39ae5729377",
    "data": [
      {
        "text": "third",
        "alias": "third",
        "meta": "@third",
        "userDefined": false
      }
    ],
    "isTemplate": false,
    "count": 0,
    "updated": 1515088112
  }
]