[
  {
    "id": "0d03e09d-ab12-4623-ac7a-8c75ff06749e",
    "data": [
      {
        "text": "unit 2",
        "alias": "second",
        "meta": "@second",
        "userDefined": false
      }
    ],
    "isTemplate": false,
    "count": 0,
    "updated": 1515087937
  },
  {
    "id": "a7348700-c163-4e49-844e-9526fda0669d",
    "data": [
      {
        "text": "two",
        "alias": "second",
        "meta": "@second",
        "userDefined": false
      }
    ],
    "isTemplate": false,
    "count": 0,
    "updated": 1515087937
  },
  {
    "id": "ca591cf3-1523-4f57-887c-8a1af3d13e15",
    "data": [
      {
        "text": "second",
        "alias": "second",
        "meta": "@second",
        "userDefined": false
      }
    ],
    "isTemplate": false,
    "count": 0,
    "updated": 1515087937
  },
  {
    "id": "11ce29cc-5247-45c6-ba15-05115246d14b",
    "data": [
      {
        "text": "unit ",
        "userDefined": false
      },
      {
        "text": "two",
        "alias": "second",
        "meta": "@second",
        "userDefined": false
      }
    ],
    "isTemplate": false,
    "count": 0,
    "updated": 1515087937
  },
  {
    "id": "e3d39477-a939-4646-9f77-ed3a53bf4e90",
    "data": [
      {
        "text": "second",
        "alias": "second",
        "meta": "@second",
        "userDefined": false
      },
      {
        "text": " unit",
        "userDefined": false
      }
    ],
    "isTemplate": false,
    "count": 0,
    "updated": 1515087937
  }
]