[
  {
    "id": "c3c871ff-a6fe-4d7e-8077-82960ecbddf0",
    "data": [
      {
        "text": "electrical",
        "alias": "electrical",
        "meta": "@electrical",
        "userDefined": false
      },
      {
        "text": " engineering",
        "userDefined": false
      }
    ],
    "isTemplate": false,
    "count": 0,
    "updated": 1515087604
  },
  {
    "id": "0f6e0007-7244-4ad9-bfd5-020b4b6fcdf0",
    "data": [
      {
        "text": "eee",
        "alias": "electrical",
        "meta": "@electrical",
        "userDefined": true
      }
    ],
    "isTemplate": false,
    "count": 0,
    "updated": 1515087604
  },
  {
    "id": "1c7d3759-fb37-43e9-b6b1-96061f08286d",
    "data": [
      {
        "text": "triple e",
        "alias": "electrical",
        "meta": "@electrical",
        "userDefined": false
      }
    ],
    "isTemplate": false,
    "count": 0,
    "updated": 1515087604
  },
  {
    "id": "2f9da3ef-2ca3-45f1-954d-9036b98ec3a7",
    "data": [
      {
        "text": "electrical",
        "alias": "electrical",
        "meta": "@electrical",
        "userDefined": false
      }
    ],
    "isTemplate": false,
    "count": 0,
    "updated": 1515087604
  }
]