[
  {
    "id": "a79cb4c9-d3d6-4e4e-b2d5-53ba6758f078",
    "data": [
      {
        "text": "five",
        "alias": "fifth",
        "meta": "@fifth",
        "userDefined": false
      }
    ],
    "isTemplate": false,
    "count": 0,
    "updated": 1515088595
  },
  {
    "id": "c1fd5fb3-07c6-45e8-93a2-71417967c832",
    "data": [
      {
        "text": "fifth",
        "alias": "fifth",
        "meta": "@fifth",
        "userDefined": false
      },
      {
        "text": " unit",
        "userDefined": false
      }
    ],
    "isTemplate": false,
    "count": 0,
    "updated": 1515088595
  },
  {
    "id": "a68b7eb2-c612-4660-93e9-5932e4799bec",
    "data": [
      {
        "text": "fifth",
        "userDefined": false
      }
    ],
    "isTemplate": false,
    "count": 0,
    "updated": 1515088595
  },
  {
    "id": "6260e4d0-5962-43a4-bbb5-7e837af0e612",
    "data": [
      {
        "text": "unit ",
        "userDefined": false
      },
      {
        "text": "five",
        "alias": "fifth",
        "meta": "@fifth",
        "userDefined": false
      }
    ],
    "isTemplate": false,
    "count": 0,
    "updated": 1515088595
  },
  {
    "id": "f042ff6d-0b96-4e42-936c-9a38c701afd4",
    "data": [
      {
        "text": "unit ",
        "userDefined": false
      },
      {
        "text": "5",
        "alias": "fifth",
        "meta": "@fifth",
        "userDefined": false
      }
    ],
    "isTemplate": false,
    "count": 0,
    "updated": 1515088595
  }
]