[
  {
    "id": "e8022a97-d1dd-427d-bccc-50cf47c21c22",
    "data": [
      {
        "text": "ass",
        "alias": "fck",
        "meta": "@fck",
        "userDefined": false
      }
    ],
    "isTemplate": false,
    "count": 1
  },
  {
    "id": "06bdc926-79f3-48bb-bf6c-76bd81cbdf29",
    "data": [
      {
        "text": "you are an ",
        "userDefined": false
      },
      {
        "text": "asshole",
        "alias": "fck",
        "meta": "@fck",
        "userDefined": false
      }
    ],
    "isTemplate": false,
    "count": 0
  },
  {
    "id": "684dccc0-06e9-4378-914c-657f92a038a9",
    "data": [
      {
        "text": "fuck",
        "alias": "fck",
        "meta": "@fck",
        "userDefined": true
      },
      {
        "text": " you ",
        "userDefined": false
      },
      {
        "text": "bitch",
        "alias": "fck",
        "meta": "@fck",
        "userDefined": false
      }
    ],
    "isTemplate": false,
    "count": 0
  },
  {
    "id": "5fc28d8f-ec85-4768-865b-440ffd48f8a7",
    "data": [
      {
        "text": "fuck",
        "alias": "fck",
        "meta": "@fck",
        "userDefined": true
      },
      {
        "text": " off",
        "userDefined": false
      }
    ],
    "isTemplate": false,
    "count": 0,
    "updated": 1513667516
  },
  {
    "id": "fd35ed3c-0f8c-4be1-bf4a-5b421fa5e73e",
    "data": [
      {
        "text": "fuck",
        "alias": "fck",
        "meta": "@fck",
        "userDefined": true
      },
      {
        "text": " you",
        "userDefined": false
      }
    ],
    "isTemplate": false,
    "count": 0,
    "updated": 1513667516
  }
]