[
  {
    "id": "9e533eee-f8de-4a76-abb4-fc50d610b4e7",
    "data": [
      {
        "text": "What all can you do?",
        "userDefined": false
      }
    ],
    "isTemplate": false,
    "count": 0
  },
  {
    "id": "f02ac451-31dd-4067-9cb1-f171e2b59aa0",
    "data": [
      {
        "text": "tell me ",
        "userDefined": false
      },
      {
        "text": "about",
        "meta": "@sys.ignore",
        "userDefined": false
      },
      {
        "text": " yourself",
        "userDefined": false
      }
    ],
    "isTemplate": false,
    "count": 0,
    "updated": 1504685782
  },
  {
    "id": "f62475eb-53af-41d6-95de-dd9e08efe0c3",
    "data": [
      {
        "text": "help",
        "userDefined": false
      }
    ],
    "isTemplate": false,
    "count": 0,
    "updated": 1504685782
  },
  {
    "id": "94eb7fdd-e67a-4dfc-84b6-3639259ec293",
    "data": [
      {
        "text": "I need help",
        "userDefined": false
      }
    ],
    "isTemplate": false,
    "count": 0,
    "updated": 1504685782
  },
  {
    "id": "47da4827-9f0a-4622-aa8a-6a6f94b823e9",
    "data": [
      {
        "text": "What can you do?",
        "userDefined": false
      }
    ],
    "isTemplate": false,
    "count": 0,
    "updated": 1504685782
  }
]