[
  {
    "id": "aa3a79cc-3daa-4e45-b3f8-eddacccb4a63",
    "data": [
      {
        "text": "third",
        "alias": "third",
        "meta": "@third",
        "userDefined": false
      }
    ],
    "isTemplate": false,
    "count": 1,
    "updated": 1513630565
  },
  {
    "id": "afa51d26-2227-4c9d-b1f3-d557722d6877",
    "data": [
      {
        "text": "3",
        "alias": "third",
        "meta": "@third",
        "userDefined": false
      }
    ],
    "isTemplate": false,
    "count": 0,
    "updated": 1513630565
  },
  {
    "id": "2583a7d7-cf41-4ca0-b308-e7469b4e8647",
    "data": [
      {
        "text": "unit ",
        "userDefined": false
      },
      {
        "text": "3",
        "alias": "third",
        "meta": "@third",
        "userDefined": false
      }
    ],
    "isTemplate": false,
    "count": 0,
    "updated": 1513630565
  },
  {
    "id": "15fa8031-5aa5-4343-8467-1f58c0f1ddca",
    "data": [
      {
        "text": "three",
        "alias": "third",
        "meta": "@third",
        "userDefined": false
      }
    ],
    "isTemplate": false,
    "count": 0,
    "updated": 1513630565
  }
]