[
  {
    "id": "1503d5e6-883d-4b2c-a054-513a08318c85",
    "data": [
      {
        "text": "unit ",
        "userDefined": false
      },
      {
        "text": "4",
        "alias": "fourth",
        "meta": "@fourth",
        "userDefined": false
      }
    ],
    "isTemplate": false,
    "count": 0,
    "updated": 1513665189
  },
  {
    "id": "6a6484d2-db23-4744-ad04-5447e9c18690",
    "data": [
      {
        "text": "fourth",
        "alias": "fourth",
        "meta": "@fourth",
        "userDefined": false
      },
      {
        "text": " unit",
        "userDefined": false
      }
    ],
    "isTemplate": false,
    "count": 0,
    "updated": 1513665189
  },
  {
    "id": "3c0c08f9-9d5a-4c99-a475-22f0a6be9c00",
    "data": [
      {
        "text": "unit ",
        "userDefined": false
      },
      {
        "text": "four",
        "alias": "fourth",
        "meta": "@fourth",
        "userDefined": false
      }
    ],
    "isTemplate": false,
    "count": 0,
    "updated": 1513665189
  },
  {
    "id": "ff00044b-999a-476e-9f1b-2b1666cb6a0a",
    "data": [
      {
        "text": "four",
        "alias": "fourth",
        "meta": "@fourth",
        "userDefined": false
      }
    ],
    "isTemplate": false,
    "count": 0,
    "updated": 1513665189
  },
  {
    "id": "fd41dadd-bea7-4060-bbd4-28da8b8254b6",
    "data": [
      {
        "text": "fourth",
        "alias": "fourth",
        "meta": "@fourth",
        "userDefined": false
      }
    ],
    "isTemplate": false,
    "count": 0,
    "updated": 1513665189
  }
]