[
  {
    "id": "c8818ad4-7d33-4a9d-a918-d9c670884ec8",
    "data": [
      {
        "text": "first",
        "alias": "first",
        "meta": "@first",
        "userDefined": false
      },
      {
        "text": " unit",
        "userDefined": false
      }
    ],
    "isTemplate": false,
    "count": 0
  },
  {
    "id": "ad539170-bd97-4df5-8e5f-51341f40eab1",
    "data": [
      {
        "text": "unit ",
        "userDefined": false
      },
      {
        "text": "one",
        "alias": "first",
        "meta": "@first",
        "userDefined": false
      }
    ],
    "isTemplate": false,
    "count": 1
  },
  {
    "id": "b4275185-94dc-4883-88f5-012eedbf0e5b",
    "data": [
      {
        "text": "first",
        "alias": "first",
        "meta": "@first",
        "userDefined": false
      }
    ],
    "isTemplate": false,
    "count": 1
  },
  {
    "id": "a88dc5b3-ec10-4521-9870-b368a093191f",
    "data": [
      {
        "text": "one",
        "alias": "first",
        "meta": "@first",
        "userDefined": false
      }
    ],
    "isTemplate": false,
    "count": 0
  },
  {
    "id": "648e1e0b-4363-41d1-b539-b5feaa0cef56",
    "data": [
      {
        "text": "unit ",
        "userDefined": false
      },
      {
        "text": "1",
        "alias": "first",
        "meta": "@first",
        "userDefined": false
      }
    ],
    "isTemplate": false,
    "count": 0
  }
]