[
  {
    "id": "158e10c4-9f49-434b-9abc-1f63fac1890d",
    "data": [
      {
        "text": "2",
        "alias": "second",
        "meta": "@second",
        "userDefined": false
      }
    ],
    "isTemplate": false,
    "count": 1,
    "updated": 1513630360
  },
  {
    "id": "2123a2c4-2b2d-4c1d-b5db-517d751f570a",
    "data": [
      {
        "text": "second",
        "alias": "second",
        "meta": "@second",
        "userDefined": false
      }
    ],
    "isTemplate": false,
    "count": 0,
    "updated": 1513630360
  },
  {
    "id": "456fc0ae-7a2c-4b97-b2bb-70ee802a5576",
    "data": [
      {
        "text": "two",
        "alias": "second",
        "meta": "@second",
        "userDefined": false
      }
    ],
    "isTemplate": false,
    "count": 0,
    "updated": 1513630360
  },
  {
    "id": "edca8aff-ed95-4b6f-87f9-30fbb4aec166",
    "data": [
      {
        "text": "unit 2",
        "alias": "second",
        "meta": "@second",
        "userDefined": false
      }
    ],
    "isTemplate": false,
    "count": 0,
    "updated": 1513630360
  }
]