[
  {
    "id": "d10127cc-99a3-40d2-b37c-56e12ab5b75b",
    "data": [
      {
        "text": "unit ",
        "userDefined": false
      },
      {
        "text": "5",
        "alias": "fifth",
        "meta": "@fifth",
        "userDefined": false
      }
    ],
    "isTemplate": false,
    "count": 1,
    "updated": 1513666618
  },
  {
    "id": "e6a6e9bf-8bc9-4d8b-bc47-4ee8e83273a6",
    "data": [
      {
        "text": "unit ",
        "userDefined": false
      },
      {
        "text": "five",
        "alias": "fifth",
        "meta": "@fifth",
        "userDefined": false
      }
    ],
    "isTemplate": false,
    "count": 1,
    "updated": 1513666618
  },
  {
    "id": "7ae30592-ae75-4f8a-9b87-10cddb0c8776",
    "data": [
      {
        "text": "fifth",
        "alias": "fifth",
        "meta": "@fifth",
        "userDefined": false
      }
    ],
    "isTemplate": false,
    "count": 1,
    "updated": 1513666618
  },
  {
    "id": "0b459f0e-549b-4c9e-aee2-43505bba2b7e",
    "data": [
      {
        "text": "fifth",
        "alias": "fifth",
        "meta": "@fifth",
        "userDefined": false
      },
      {
        "text": " unit",
        "userDefined": false
      }
    ],
    "isTemplate": false,
    "count": 0,
    "updated": 1513666618
  },
  {
    "id": "c8bcbbde-e332-450b-b4e0-8a997b145b33",
    "data": [
      {
        "text": "five",
        "alias": "fifth",
        "meta": "@fifth",
        "userDefined": false
      }
    ],
    "isTemplate": false,
    "count": 0,
    "updated": 1513666618
  }
]