[
  {
    "id": "b6c2f56e-146e-4f7c-986e-2b18779863da",
    "data": [
      {
        "text": "I\u0027m done",
        "userDefined": false
      }
    ],
    "isTemplate": false,
    "count": 0,
    "updated": 0
  },
  {
    "id": "48dade65-fdb6-4a31-ae79-08991268c7ed",
    "data": [
      {
        "text": "bye bye",
        "userDefined": false
      }
    ],
    "isTemplate": false,
    "count": 0,
    "updated": 0
  },
  {
    "id": "76cbd35c-909e-4a31-9ea4-d9452b0f3dce",
    "data": [
      {
        "text": "I quit",
        "userDefined": false
      }
    ],
    "isTemplate": false,
    "count": 0,
    "updated": 0
  },
  {
    "id": "03f06a36-4948-4f4d-bdc6-08cc095d598b",
    "data": [
      {
        "text": "Ok bye",
        "userDefined": false
      }
    ],
    "isTemplate": false,
    "count": 0,
    "updated": 0
  }
]