[
  {
    "id": "9c8ea221-979e-4893-b8af-4c6c493d2cb2",
    "data": [
      {
        "text": "history",
        "alias": "history",
        "meta": "@history",
        "userDefined": false
      },
      {
        "text": " of RV College",
        "userDefined": false
      }
    ],
    "isTemplate": false,
    "count": 1,
    "updated": 0
  },
  {
    "id": "01445931-6fe1-4ef5-9973-feb88b1ac718",
    "data": [
      {
        "text": "history",
        "alias": "history",
        "meta": "@history",
        "userDefined": false
      }
    ],
    "isTemplate": false,
    "count": 0,
    "updated": 0
  },
  {
    "id": "22ab4c87-5bd9-4333-8fee-cea00dc8dca6",
    "data": [
      {
        "text": "Tell me ",
        "userDefined": false
      },
      {
        "text": "about",
        "meta": "@sys.ignore",
        "userDefined": false
      },
      {
        "text": " ",
        "userDefined": false
      },
      {
        "text": "history",
        "alias": "history",
        "meta": "@history",
        "userDefined": false
      },
      {
        "text": " of RVCE",
        "userDefined": false
      }
    ],
    "isTemplate": false,
    "count": 1,
    "updated": 0
  }
]