[
  {
    "id": "42c98e56-8674-4d3b-a927-494e61124956",
    "data": [
      {
        "text": "Who is the ",
        "userDefined": false
      },
      {
        "text": "person",
        "alias": "creator",
        "meta": "@creator",
        "userDefined": false
      },
      {
        "text": " responsibe for this app",
        "userDefined": false
      }
    ],
    "isTemplate": false,
    "count": 0,
    "updated": 1504684537
  },
  {
    "id": "cbd29a6b-1782-45b8-b20d-31ae299341cf",
    "data": [
      {
        "text": "Who ",
        "userDefined": false
      },
      {
        "text": "designed",
        "alias": "creator",
        "meta": "@creator",
        "userDefined": false
      },
      {
        "text": " this app",
        "userDefined": false
      }
    ],
    "isTemplate": false,
    "count": 1,
    "updated": 1504684537
  },
  {
    "id": "344b3e4a-a857-411c-82a3-e04dc8ca865c",
    "data": [
      {
        "text": "who ",
        "userDefined": false
      },
      {
        "text": "made",
        "alias": "creator",
        "meta": "@creator",
        "userDefined": false
      },
      {
        "text": " this app",
        "userDefined": false
      }
    ],
    "isTemplate": false,
    "count": 0,
    "updated": 1504684537
  },
  {
    "id": "5e9551ca-87e8-4463-9ee3-566c9ee4747e",
    "data": [
      {
        "text": "Who ",
        "userDefined": false
      },
      {
        "text": "created",
        "alias": "creator",
        "meta": "@creator",
        "userDefined": false
      },
      {
        "text": " this app",
        "userDefined": false
      }
    ],
    "isTemplate": false,
    "count": 0,
    "updated": 1504684537
  }
]